SET FOREIGN_KEY_CHECKS = 0;
-- ----------------------------
-- Records of radiation
-- ----------------------------
INSERT INTO `radiation` VALUES ('1', 'UT00000000000007', '55');
INSERT INTO `radiation` VALUES ('2', 'UT00000000000007', '64');
INSERT INTO `radiation` VALUES ('3', 'UT00000000000007', '77');
INSERT INTO `radiation` VALUES ('4', 'UT00000000000007', '64');
INSERT INTO `radiation` VALUES ('5', 'UT00000000000007', '52');
INSERT INTO `radiation` VALUES ('6', 'UT00000000000007', '37');
INSERT INTO `radiation` VALUES ('7', 'UT00000000000007', '93');
INSERT INTO `radiation` VALUES ('8', 'UT00000000000007', '78');
INSERT INTO `radiation` VALUES ('9', 'UT00000000000007', '11');
INSERT INTO `radiation` VALUES ('10', 'UT00000000000007', '48');
INSERT INTO `radiation` VALUES ('11', 'UT00000000000007', '17');
INSERT INTO `radiation` VALUES ('12', 'UT00000000000007', '22');
INSERT INTO `radiation` VALUES ('13', 'UT00000000000007', '91');
INSERT INTO `radiation` VALUES ('14', 'UT00000000000007', '29');
INSERT INTO `radiation` VALUES ('15', 'UT00000000000007', '42');
INSERT INTO `radiation` VALUES ('16', 'UT00000000000007', '85');
INSERT INTO `radiation` VALUES ('17', 'UT00000000000007', '77');
INSERT INTO `radiation` VALUES ('18', 'UT00000000000007', '87');
INSERT INTO `radiation` VALUES ('19', 'UT00000000000007', '79');
INSERT INTO `radiation` VALUES ('20', 'UT00000000000007', '32');
INSERT INTO `radiation` VALUES ('21', 'UT00000000000007', '70');
INSERT INTO `radiation` VALUES ('22', 'UT00000000000007', '23');
INSERT INTO `radiation` VALUES ('23', 'UT00000000000007', '63');
INSERT INTO `radiation` VALUES ('24', 'UT00000000000007', '39');
INSERT INTO `radiation` VALUES ('25', 'UT00000000000007', '43');
INSERT INTO `radiation` VALUES ('26', 'UT00000000000007', '11');
INSERT INTO `radiation` VALUES ('27', 'UT00000000000007', '44');
INSERT INTO `radiation` VALUES ('28', 'UT00000000000007', '49');
INSERT INTO `radiation` VALUES ('29', 'UT00000000000007', '25');
INSERT INTO `radiation` VALUES ('30', 'UT00000000000007', '24');
INSERT INTO `radiation` VALUES ('31', 'UT00000000000007', '54');
INSERT INTO `radiation` VALUES ('32', 'UT00000000000007', '90');
INSERT INTO `radiation` VALUES ('33', 'UT00000000000007', '88');
INSERT INTO `radiation` VALUES ('34', 'UT00000000000007', '66');
INSERT INTO `radiation` VALUES ('35', 'UT00000000000007', '35');
INSERT INTO `radiation` VALUES ('36', 'UT00000000000007', '33');
INSERT INTO `radiation` VALUES ('37', 'UT00000000000007', '65');
INSERT INTO `radiation` VALUES ('38', 'UT00000000000007', '73');
INSERT INTO `radiation` VALUES ('39', 'UT00000000000007', '9');
INSERT INTO `radiation` VALUES ('40', 'UT00000000000007', '70');
INSERT INTO `radiation` VALUES ('41', 'UT00000000000007', '80');
INSERT INTO `radiation` VALUES ('42', 'UT00000000000007', '15');
INSERT INTO `radiation` VALUES ('43', 'UT00000000000007', '72');
INSERT INTO `radiation` VALUES ('44', 'UT00000000000007', '94');
INSERT INTO `radiation` VALUES ('45', 'UT00000000000007', '94');
INSERT INTO `radiation` VALUES ('46', 'UT00000000000007', '12');
INSERT INTO `radiation` VALUES ('47', 'UT00000000000007', '18');
INSERT INTO `radiation` VALUES ('48', 'UT00000000000007', '65');
INSERT INTO `radiation` VALUES ('49', 'UT00000000000007', '31');
INSERT INTO `radiation` VALUES ('50', 'UT00000000000007', '92');
INSERT INTO `radiation` VALUES ('51', 'UT00000000000007', '17');
INSERT INTO `radiation` VALUES ('52', 'UT00000000000007', '33');
INSERT INTO `radiation` VALUES ('53', 'UT00000000000007', '27');
INSERT INTO `radiation` VALUES ('54', 'UT00000000000007', '93');
INSERT INTO `radiation` VALUES ('55', 'UT00000000000007', '1');
INSERT INTO `radiation` VALUES ('56', 'UT00000000000007', '82');
INSERT INTO `radiation` VALUES ('57', 'UT00000000000007', '52');
INSERT INTO `radiation` VALUES ('58', 'UT00000000000007', '72');
INSERT INTO `radiation` VALUES ('59', 'UT00000000000007', '50');
INSERT INTO `radiation` VALUES ('60', 'UT00000000000007', '91');
INSERT INTO `radiation` VALUES ('61', 'UT00000000000007', '58');
INSERT INTO `radiation` VALUES ('62', 'UT00000000000007', '47');
INSERT INTO `radiation` VALUES ('63', 'UT00000000000007', '43');
INSERT INTO `radiation` VALUES ('64', 'UT00000000000007', '95');
INSERT INTO `radiation` VALUES ('65', 'UT00000000000007', '85');
INSERT INTO `radiation` VALUES ('66', 'UT00000000000007', '85');
INSERT INTO `radiation` VALUES ('67', 'UT00000000000007', '97');
INSERT INTO `radiation` VALUES ('68', 'UT00000000000007', '86');
INSERT INTO `radiation` VALUES ('69', 'UT00000000000007', '50');
INSERT INTO `radiation` VALUES ('70', 'UT00000000000007', '90');
INSERT INTO `radiation` VALUES ('71', 'UT00000000000007', '60');
INSERT INTO `radiation` VALUES ('72', 'UT00000000000007', '56');
INSERT INTO `radiation` VALUES ('73', 'UT00000000000007', '98');
INSERT INTO `radiation` VALUES ('74', 'UT00000000000007', '7');
INSERT INTO `radiation` VALUES ('75', 'UT00000000000007', '82');
INSERT INTO `radiation` VALUES ('76', 'UT00000000000007', '0');
INSERT INTO `radiation` VALUES ('77', 'UT00000000000007', '90');
INSERT INTO `radiation` VALUES ('78', 'UT00000000000007', '21');
INSERT INTO `radiation` VALUES ('79', 'UT00000000000007', '18');
INSERT INTO `radiation` VALUES ('80', 'UT00000000000007', '33');
INSERT INTO `radiation` VALUES ('81', 'UT00000000000007', '24');
INSERT INTO `radiation` VALUES ('82', 'UT00000000000007', '52');
INSERT INTO `radiation` VALUES ('83', 'UT00000000000007', '61');
INSERT INTO `radiation` VALUES ('84', 'UT00000000000007', '51');
INSERT INTO `radiation` VALUES ('85', 'UT00000000000007', '34');
INSERT INTO `radiation` VALUES ('86', 'UT00000000000007', '49');
INSERT INTO `radiation` VALUES ('87', 'UT00000000000007', '39');
INSERT INTO `radiation` VALUES ('88', 'UT00000000000007', '78');
INSERT INTO `radiation` VALUES ('89', 'UT00000000000007', '20');
INSERT INTO `radiation` VALUES ('90', 'UT00000000000007', '94');
INSERT INTO `radiation` VALUES ('91', 'UT00000000000007', '43');
INSERT INTO `radiation` VALUES ('92', 'UT00000000000007', '56');
INSERT INTO `radiation` VALUES ('93', 'UT00000000000007', '86');
INSERT INTO `radiation` VALUES ('94', 'UT00000000000007', '9');
INSERT INTO `radiation` VALUES ('95', 'UT00000000000007', '78');
INSERT INTO `radiation` VALUES ('96', 'UT00000000000007', '54');
INSERT INTO `radiation` VALUES ('97', 'UT00000000000007', '90');
INSERT INTO `radiation` VALUES ('98', 'UT00000000000007', '63');
INSERT INTO `radiation` VALUES ('99', 'UT00000000000007', '78');
INSERT INTO `radiation` VALUES ('100', 'UT00000000000007', '51');

-- ----------------------------
-- Records of threshold
-- ----------------------------
INSERT INTO `threshold` VALUES ('RADIATION', '70', '50');

-- ----------------------------
-- Records of unit
-- ----------------------------
INSERT INTO `unit` VALUES ('UT00000000000000', '/', null, '系统根节点', '1', '0', '-1');
INSERT INTO `unit` VALUES ('UT00000000000001', 'AAA省BBB市第一人民医院', 'UT00000000000000', '地址：BBB市CCC路123号', '1', '0', '2');
INSERT INTO `unit` VALUES ('UT00000000000002', '口腔科', 'UT00000000000001', '', '1', '0', '2');
INSERT INTO `unit` VALUES ('UT00000000000003', '神经外科', 'UT00000000000001', '', '1', '0', '-1');
INSERT INTO `unit` VALUES ('UT00000000000004', '口腔科病房402', 'UT00000000000002', '外科大楼5楼', '1', '0', '2');
INSERT INTO `unit` VALUES ('UT00000000000005', '神经外科病房708', 'UT00000000000003', '外科大楼7层', '1', '0', '-1');
INSERT INTO `unit` VALUES ('UT00000000000006', '紫外光灯01', 'UT00000000000004', '病房窗户附近', '1', '1', '-1');
INSERT INTO `unit` VALUES ('UT00000000000007', '紫外光灯02', 'UT00000000000004', '门后', '1', '1', '2');
INSERT INTO `unit` VALUES ('UT00000000000008', '紫外光灯03', 'UT00000000000005', '门口', '1', '1', '-1');
INSERT INTO `unit` VALUES ('UT00000000000009', '安徽医科大学第一附属分院', 'UT00000000000000', '', '1', '0', '-1');
INSERT INTO `unit` VALUES ('UT00000000000010', '胸外科', 'UT00000000000009', '', '1', '0', '-1');
INSERT INTO `unit` VALUES ('UT00000000000011', '内分泌科', 'UT00000000000009', '', '1', '0', '-1');
INSERT INTO `unit` VALUES ('UT00000000000012', '601病床', 'UT00000000000010', '', '1', '0', '-1');
INSERT INTO `unit` VALUES ('UT00000000000013', 'AYFY1紫外线灯-1', 'UT00000000000012', '', '1', '1', '-1');
INSERT INTO `unit` VALUES ('UT00000000000014', 'AYFY1紫外线灯-2', 'UT00000000000012', '', '1', '1', '-1');

-- ----------------------------
-- Records of unit_manager
-- ----------------------------
INSERT INTO `unit_manager` VALUES ('UT00000000000006', '000001');
INSERT INTO `unit_manager` VALUES ('UT00000000000007', '000001');
INSERT INTO `unit_manager` VALUES ('UT00000000000008', '000001');
INSERT INTO `unit_manager` VALUES ('UT00000000000013', '000001');
INSERT INTO `unit_manager` VALUES ('UT00000000000014', '000001');
INSERT INTO `unit_manager` VALUES ('UT00000000000008', '000002');
INSERT INTO `unit_manager` VALUES ('UT00000000000006', 'yanrui');
INSERT INTO `unit_manager` VALUES ('UT00000000000007', 'yanrui');
INSERT INTO `unit_manager` VALUES ('UT00000000000008', 'yanrui');
INSERT INTO `unit_manager` VALUES ('UT00000000000013', 'yanrui');
INSERT INTO `unit_manager` VALUES ('UT00000000000014', 'yanrui');

-- ----------------------------
-- Records of unit_seq
-- ----------------------------
INSERT INTO `unit_seq` VALUES ('1');
INSERT INTO `unit_seq` VALUES ('2');
INSERT INTO `unit_seq` VALUES ('3');
INSERT INTO `unit_seq` VALUES ('4');
INSERT INTO `unit_seq` VALUES ('5');
INSERT INTO `unit_seq` VALUES ('6');
INSERT INTO `unit_seq` VALUES ('7');
INSERT INTO `unit_seq` VALUES ('8');
INSERT INTO `unit_seq` VALUES ('9');
INSERT INTO `unit_seq` VALUES ('10');
INSERT INTO `unit_seq` VALUES ('11');
INSERT INTO `unit_seq` VALUES ('12');
INSERT INTO `unit_seq` VALUES ('13');
INSERT INTO `unit_seq` VALUES ('14');

-- ----------------------------
-- Records of unit_warn
-- ----------------------------
INSERT INTO `unit_warn` VALUES ('1', 'UT00000000000007', '2', '2018-12-24 15:15:11');
INSERT INTO `unit_warn` VALUES ('2', 'UT00000000000007', '2', '2018-12-24 15:30:12');
INSERT INTO `unit_warn` VALUES ('3', 'UT00000000000007', '2', '2018-12-24 15:55:10');
INSERT INTO `unit_warn` VALUES ('4', 'UT00000000000007', '2', '2019-03-25 16:30:11');
INSERT INTO `unit_warn` VALUES ('5', 'UT00000000000007', '2', '2019-03-25 16:50:03');
INSERT INTO `unit_warn` VALUES ('6', 'UT00000000000007', '2', '2019-03-25 16:55:02');
INSERT INTO `unit_warn` VALUES ('7', 'UT00000000000007', '2', '2019-03-25 17:20:02');

-- ----------------------------
-- Records of user
-- ----------------------------
INSERT INTO `user` VALUES ('000001', 'admin', 'zhs@test.org', 'ADMIN', '8d969eef6ecad3c29a3a629280e686cf0c3f5d5a86aff3ca12020c923adc6c92', '1234567890', '1');
INSERT INTO `user` VALUES ('000002', '李四', 'a@a.a', 'USER', '8d969eef6ecad3c29a3a629280e686cf0c3f5d5a86aff3ca12020c923adc6c92', '12345678', '1');
INSERT INTO `user` VALUES ('yanrui', '闫瑞', 'yanr2018@163.com', 'ADMIN', '8d969eef6ecad3c29a3a629280e686cf0c3f5d5a86aff3ca12020c923adc6c92', '15105510952', '1');

SET FOREIGN_KEY_CHECKS = 1;